{
  "name": "laravel/laravel",
  "description": "The Laravel Framework.",
  "keywords": ["framework", "laravel"],
  "license": "MIT",
  "type": "project",
  "require": {
    "laravel/framework": "5.4.*",
    "flow/jsonpath": "^0.2.4",
    "fzaninotto/faker": "~1.4"
  },
  "require-dev": {
    "phpunit/phpunit": "~4.0",
    "phpspec/phpspec": "~2.1",
    "codeception/codeception": "2.2.x-dev",
    "symfony/dom-crawler": "~3.0",
    "symfony/css-selector": "~3.0"
  },
  "autoload": {
    "classmap": [
      "database"
    ],
    "psr-4": {
      "App\\": "app/"
    }
  },
  "autoload-dev": {
  },
  "scripts": {
    "post-install-cmd": [
      "php artisan clear-compiled",
      "php artisan optimize"
    ],
    "post-update-cmd": [
      "php artisan clear-compiled",
      "php artisan optimize"
    ],
    "post-create-project-cmd": [
      "php -r \"copy('.env.example', '.env');\"",
      "php artisan key:generate"
    ]
  }
}